{
	"predict_error": [
		980.2096766828784,
		7.898937092483177,
		1.7665082617755898,
		0.10739007202226,
		0.09672305041971402,
		0.08891313210153869,
		0.08299899433788008,
		0.07840255139739061,
		0.07475666010242576,
		0.07181759861987966,
		0.06941752561115709,
		0.06743721253445933,
		0.06578968055994829,
		0.06440999773364714,
		0.06324870391490967
	],
	"confidence_error": [
		1689.710683892743,
		13.72574601913474,
		2.0870456526268346,
		0.15198314953427072,
		0.13433656176637096,
		0.12146043702808368,
		0.1117171885745383,
		0.10413221140630952,
		0.09809282676639866,
		0.09319621269283113,
		0.08916737097114608,
		0.08581244200220065,
		0.08299092268283181,
		0.08059849170094605,
		0.07855603556113674
	],
	"regularization": [
		0.14261422713350874,
		297.99335277692757,
		61.322576726311276,
		54.777331757493066,
		49.69305354774362,
		45.644673067189906,
		42.344174996054726,
		39.60147180127953,
		37.28598245847652,
		35.30500408519336,
		33.59088669593985,
		32.093093242119856,
		30.773102178430204,
		29.60103152090468,
		28.553341900963733
	],
	"total_loss": [
		1689.8532981198764,
		311.7190987960623,
		63.40962237893811,
		54.92931490702733,
		49.827390109509984,
		45.76613350421799,
		42.45589218462926,
		39.70560401268584,
		37.384075285242915,
		35.39820029788619,
		33.680054066911,
		32.17890568412206,
		30.856093101113036,
		29.681630012605627,
		28.63189793652487
	]
}